student_id,name,department,year
1,Tara Joshi,ENTC,1
2,Kunal Kale,MECH,2
3,Reeva Jadhav,CSE,3
4,Nisha Kale,MECH,2
5,Sara Naik,AI&DS,1
6,Aarav Patil,ENTC,1
7,Kunal Deshmukh,AI&DS,2
8,Yash Kulkarni,MECH,3
9,Kabir Kadam,CSE,3
10,Riya Gavade,MECH,3
11,Reeva Sawant,MECH,2
12,Anaya Pawar,MECH,3
13,Sana Sawant,IT,3
14,Om Mahajan,CSE,2
15,Kunal Bhosale,ENTC,1
16,Anaya Jadhav,AI&DS,2
17,Manav Shinde,IT,1
18,Sara Wagh,AI&DS,1
19,Sara Desai,CIVIL,1
20,Kabir Naik,CSE,2
21,Zoya Desai,ENTC,4
22,Manav Joshi,AI&DS,4
23,Om Bhosale,ENTC,4
24,Advait Kulkarni,CIVIL,1
25,Yash More,CIVIL,2
26,Kabir Bhosale,ENTC,1
27,Anaya Wagh,MECH,3
28,Advait Gore,AI&DS,2
29,Kunal Wagh,CSE,1
30,Manav Sharma,CSE,4
31,Aditi Kale,CIVIL,1
32,Kunal Desai,ENTC,1
33,Kunal Kadam,IT,3
34,Anaya Kadam,CIVIL,1
35,Nisha Gore,CSE,1
36,Advait Pawar,CSE,4
37,Sara Deshmukh,IT,1
38,Yash Wagh,ENTC,2
39,Advait Kadam,AI&DS,4
40,Nisha Sharma,MECH,4
41,Advait Deshmukh,IT,4
42,Kabir Bhosale,CSE,3
43,Aarav Kulkarni,CSE,3
44,Vivaan Gavade,AI&DS,1
45,Sai Gavade,CSE,3
46,Advait Sharma,IT,4
47,Yash Patil,MECH,4
48,Kabir Kale,AI&DS,1
49,Nisha Wagh,CIVIL,1
50,Vivaan Shinde,IT,4
51,Aarav Mahajan,CIVIL,4
52,Nisha Gavade,CIVIL,4
53,Anaya More,MECH,1
54,Sai Kale,IT,3
55,Nisha Jadhav,MECH,2
56,Kunal Naik,ENTC,3
57,Sana Gore,MECH,1
58,Om Desai,CSE,2
59,Zoya Lokhande,MECH,4
60,Yash Jadhav,ENTC,1
61,Zoya Pawar,CIVIL,1
62,Riya Bhosale,CIVIL,2
63,Tara Wagh,MECH,2
64,Sai Kulkarni,CSE,1
65,Vivaan Patil,CIVIL,2
66,Sara Patil,IT,4
67,Kabir Sawant,AI&DS,3
68,Kunal Gavade,IT,2
69,Sara Desai,MECH,2
70,Reeva Patil,CSE,3
71,Yash Joshi,MECH,1
72,Yash Lokhande,CSE,2
73,Sana Kadam,CSE,2
74,Krisha Sharma,IT,2
75,Om Sawant,AI&DS,3
76,Om Desai,CSE,3
77,Krisha Lokhande,MECH,3
78,Zoya Sawant,ENTC,1
79,Manav Kadam,IT,1
80,Manav More,ENTC,2
81,Sai Patil,CIVIL,3
82,Yash Deshmukh,CSE,3
83,Sana Sawant,AI&DS,4
84,Kabir Kulkarni,ENTC,1
85,Yash Patil,CIVIL,3
86,Nisha Sharma,MECH,4
87,Anaya Sawant,CSE,4
88,Reeva Gore,CIVIL,4
89,Kunal Gore,IT,4
90,Om Deshmukh,AI&DS,4
91,Zoya Wagh,AI&DS,1
92,Om Shinde,AI&DS,1
93,Vivaan Sawant,IT,3
94,Reeva Kale,ENTC,1
95,Vivaan More,CSE,2
96,Yash Deshmukh,CSE,2
97,Sana Kale,IT,3
98,Zoya Jadhav,CSE,2
99,Anaya Kadam,CSE,1
100,Tara Sharma,IT,3
101,Kabir More,AI&DS,4
102,Aarav Lokhande,CIVIL,1
103,Anaya Sawant,CSE,3
104,Ishaan Kadam,IT,4
105,Advait More,IT,2
106,Aditi Desai,IT,1
107,Kunal Kale,IT,3
108,Manav Gavade,AI&DS,1
109,Kabir Gore,CIVIL,2
110,Kabir Joshi,CIVIL,2
111,Manav Gavade,IT,4
112,Ishaan Bhosale,CSE,3
113,Reeva Gavade,CSE,2
114,Om Bhosale,CSE,1
115,Om Sawant,AI&DS,2
116,Yash Shinde,AI&DS,3
117,Vivaan Gavade,AI&DS,1
118,Manav Joshi,CIVIL,4
119,Aditi Pawar,AI&DS,3
120,Yash Gavade,MECH,3
121,Reeva Jadhav,CIVIL,4
122,Sana Wagh,AI&DS,1
123,Ishaan Kulkarni,AI&DS,4
124,Krisha Gavade,ENTC,1
125,Nisha Kulkarni,AI&DS,4
126,Sara Joshi,CIVIL,4
127,Aditi Naik,MECH,1
128,Aarav Deshmukh,MECH,3
129,Anaya Wagh,AI&DS,1
130,Kabir Wagh,IT,1
131,Zoya Jadhav,AI&DS,4
132,Ishaan Wagh,ENTC,1
133,Sai Sharma,IT,1
134,Yash Kulkarni,CSE,2
135,Aditi Kale,MECH,3
136,Krisha Jadhav,CIVIL,1
137,Manav Kadam,CSE,4
138,Reeva Gavade,CSE,2
139,Reeva Kadam,IT,2
140,Anaya Sawant,CSE,2
141,Ishaan Lokhande,IT,3
142,Riya Desai,CSE,1
143,Aarav Bhosale,IT,3
144,Ishaan Kadam,CIVIL,4
145,Reeva Shinde,ENTC,4
146,Nisha Kale,MECH,4
147,Reeva Lokhande,CSE,3
148,Tara Naik,CIVIL,4
149,Sara Naik,CIVIL,2
150,Aditi Sawant,CIVIL,2
151,Zoya Naik,MECH,4
152,Zoya Desai,IT,2
153,Ishaan Bhosale,CIVIL,2
154,Ishaan More,CSE,3
155,Sana More,CSE,1
156,Manav Sharma,MECH,1
157,Kunal Joshi,AI&DS,2
158,Tara More,IT,2
159,Kunal Naik,AI&DS,4
160,Riya Naik,CSE,4
161,Kunal Gavade,CSE,3
162,Ishaan Deshmukh,CSE,3
163,Aarav Wagh,MECH,1
164,Manav Jadhav,IT,3
165,Manav Sharma,IT,2
166,Sara Wagh,ENTC,2
167,Anaya Pawar,IT,4
168,Aarav Sharma,AI&DS,2
169,Sana More,CSE,3
170,Tara Shinde,MECH,3
171,Advait Sharma,CSE,3
172,Nisha Kale,ENTC,3
173,Om Kadam,CSE,4
174,Riya Patil,AI&DS,2
175,Aarav Shinde,MECH,4
176,Advait Gore,ENTC,1
177,Riya Pawar,CSE,2
178,Krisha Naik,ENTC,2
179,Reeva Sharma,CIVIL,3
180,Sana Pawar,MECH,4
181,Ishaan Desai,AI&DS,1
182,Vivaan Lokhande,MECH,3
183,Sai Kadam,IT,2
184,Om Kulkarni,CSE,2
185,Sara Sawant,MECH,4
186,Yash Gavade,IT,2
187,Advait Sharma,IT,2
188,Vivaan Deshmukh,CSE,1
189,Anaya Wagh,IT,3
190,Aditi Desai,CSE,1
191,Zoya Sawant,MECH,4
192,Manav Bhosale,CIVIL,3
193,Aditi Sawant,AI&DS,3
194,Tara Naik,CIVIL,3
195,Yash Sawant,CIVIL,3
196,Tara Kale,AI&DS,3
197,Sai Gore,IT,3
198,Vivaan Gavade,CSE,4
199,Ishaan Bhosale,AI&DS,4
200,Nisha Naik,AI&DS,3
201,Aarav Desai,AI&DS,2
202,Anaya More,ENTC,2
203,Riya Jadhav,IT,4
204,Riya Pawar,MECH,2
205,Aditi Gavade,MECH,1
206,Kunal Gavade,MECH,1
207,Riya Deshmukh,IT,1
208,Anaya Kulkarni,ENTC,1
209,Aarav Mahajan,CIVIL,1
210,Tara Patil,ENTC,4
211,Kabir Kale,ENTC,1
212,Tara Sharma,CSE,2
213,Ishaan Sharma,ENTC,1
214,Om Gore,MECH,4
215,Sara Joshi,ENTC,4
216,Om Shinde,IT,1
217,Om Sharma,CSE,4
218,Zoya Gore,IT,3
219,Aditi Jadhav,AI&DS,1
220,Manav Kadam,MECH,4
221,Nisha Kale,CSE,4
222,Kunal Bhosale,MECH,1
223,Riya Jadhav,ENTC,2
224,Sai Kale,ENTC,2
225,Advait Kadam,MECH,2
226,Sai Jadhav,ENTC,2
227,Tara Wagh,AI&DS,3
228,Sara Pawar,IT,3
229,Krisha Jadhav,ENTC,1
230,Zoya Pawar,CIVIL,1
231,Yash Patil,CSE,3
232,Anaya Wagh,CSE,1
233,Anaya Gavade,AI&DS,2
234,Manav Desai,MECH,3
235,Manav Sharma,MECH,3
236,Kabir Gore,AI&DS,3
237,Krisha Gore,AI&DS,1
238,Zoya Pawar,MECH,3
239,Sana Wagh,MECH,3
240,Sara Pawar,ENTC,2
241,Ishaan Patil,CSE,3
242,Sai Lokhande,CIVIL,4
243,Kunal Kulkarni,MECH,1
244,Sara Deshmukh,MECH,1
245,Riya Pawar,ENTC,3
246,Kunal Deshmukh,AI&DS,3
247,Anaya Desai,IT,2
248,Nisha Gavade,ENTC,4
249,Aarav Bhosale,AI&DS,1
250,Yash Gavade,ENTC,4
251,Riya Joshi,ENTC,2
252,Aarav Bhosale,IT,2
253,Sai Deshmukh,ENTC,4
254,Aarav Sharma,AI&DS,2
255,Sana Mahajan,MECH,2
256,Sana Mahajan,CSE,1
257,Manav Kadam,IT,3
258,Kabir Gavade,ENTC,4
259,Sana Deshmukh,CSE,2
260,Krisha Pawar,CSE,2
261,Kunal Wagh,ENTC,1
262,Tara Shinde,ENTC,4
263,Kabir Patil,CIVIL,4
264,Kabir Sharma,MECH,4
265,Sai Kadam,MECH,4
266,Manav Patil,IT,3
267,Reeva Deshmukh,ENTC,3
268,Krisha Bhosale,AI&DS,2
269,Advait Gore,CIVIL,3
270,Aarav Sawant,CIVIL,1
271,Om Jadhav,CSE,4
272,Aarav Kulkarni,ENTC,3
273,Krisha Lokhande,CIVIL,2
274,Advait Pawar,IT,2
275,Sana Bhosale,ENTC,1
276,Nisha Mahajan,MECH,4
277,Reeva Kulkarni,MECH,3
278,Anaya Joshi,MECH,4
279,Sai Desai,ENTC,1
280,Yash Lokhande,CSE,4
281,Om More,MECH,3
282,Vivaan Naik,ENTC,2
283,Tara Desai,CSE,4
284,Sana Naik,AI&DS,3
285,Kabir Kadam,CIVIL,1
286,Zoya Shinde,ENTC,2
287,Nisha Kale,MECH,4
288,Ishaan Joshi,CSE,2
289,Ishaan Gore,MECH,4
290,Reeva Joshi,AI&DS,1
291,Aarav Sawant,IT,4
292,Zoya Joshi,MECH,3
293,Riya Patil,ENTC,2
294,Yash More,ENTC,4
295,Reeva Mahajan,IT,3
296,Anaya Naik,AI&DS,3
297,Advait Sharma,MECH,1
298,Kabir More,AI&DS,3
299,Riya Gore,AI&DS,4
300,Vivaan Jadhav,CSE,1
301,Anaya Gore,AI&DS,3
302,Aditi Jadhav,IT,3
303,Reeva Bhosale,ENTC,3
304,Reeva Mahajan,AI&DS,3
305,Manav Deshmukh,AI&DS,3
306,Sana Lokhande,CIVIL,3
307,Sara Kadam,MECH,4
308,Sana Pawar,MECH,2
309,Kunal Wagh,CSE,3
310,Sana Bhosale,CSE,2
311,Vivaan Kale,ENTC,1
312,Tara Bhosale,CSE,3
313,Aditi Gore,ENTC,4
314,Reeva Patil,MECH,3
315,Krisha Bhosale,IT,3
316,Sai Wagh,AI&DS,1
317,Sai Joshi,AI&DS,4
318,Reeva Mahajan,CSE,1
319,Riya Gore,ENTC,1
320,Aditi Naik,IT,4
321,Aditi Patil,CIVIL,2
322,Tara Kadam,AI&DS,4
323,Advait Joshi,MECH,3
324,Zoya Kadam,IT,3
325,Nisha Patil,CIVIL,1
326,Zoya Pawar,CIVIL,4
327,Sai Lokhande,IT,4
328,Sara Jadhav,AI&DS,1
329,Krisha Joshi,MECH,3
330,Sana Deshmukh,IT,4
331,Tara Kale,IT,1
332,Riya Lokhande,CSE,3
333,Aditi Lokhande,CSE,2
334,Nisha Patil,ENTC,3
335,Aarav Gavade,MECH,3
336,Advait Patil,IT,3
337,Ishaan More,MECH,4
338,Aditi Kadam,IT,1
339,Kunal Gavade,ENTC,3
340,Nisha Sharma,MECH,4
341,Kabir More,MECH,1
342,Sara Shinde,MECH,2
343,Krisha Gavade,CSE,1
344,Kabir Bhosale,CSE,1
345,Aarav Lokhande,MECH,2
346,Sai Shinde,CSE,3
347,Advait Deshmukh,AI&DS,4
348,Om Gavade,ENTC,1
349,Krisha Gavade,AI&DS,4
350,Kabir Wagh,IT,3
351,Sara Shinde,MECH,1
352,Anaya Wagh,ENTC,2
353,Krisha Gavade,CIVIL,4
354,Zoya Lokhande,AI&DS,1
355,Aditi Kale,ENTC,4
356,Aarav Kulkarni,AI&DS,1
357,Sara Gore,AI&DS,2
358,Yash Gore,AI&DS,1
359,Zoya Lokhande,AI&DS,1
360,Sai Sharma,ENTC,2
361,Riya Wagh,MECH,1
362,Aditi Wagh,AI&DS,3
363,Advait Deshmukh,ENTC,3
364,Om Patil,CIVIL,4
365,Manav Joshi,CIVIL,4
366,Zoya Deshmukh,AI&DS,1
367,Anaya Patil,ENTC,1
368,Om Lokhande,CIVIL,3
369,Sara Gavade,CSE,3
370,Riya Sharma,CSE,4
371,Anaya Kadam,CSE,3
372,Kunal Lokhande,CSE,2
373,Advait Lokhande,ENTC,1
374,Manav Deshmukh,IT,1
375,Sana More,IT,2
376,Yash Patil,AI&DS,2
377,Advait Sharma,CSE,4
378,Sara Shinde,CIVIL,4
379,Kabir Pawar,CSE,3
380,Aditi Sawant,AI&DS,2
381,Ishaan Lokhande,AI&DS,2
382,Kunal Kale,CSE,3
383,Aarav Naik,IT,3
384,Om Kulkarni,CSE,4
385,Riya Mahajan,AI&DS,3
386,Advait Mahajan,AI&DS,3
387,Aditi Naik,IT,3
388,Ishaan Sawant,CIVIL,1
389,Sana Deshmukh,CSE,4
390,Aditi Jadhav,MECH,4
391,Anaya Kale,AI&DS,1
392,Advait More,AI&DS,1
393,Aarav Sharma,AI&DS,1
394,Aarav Pawar,MECH,1
395,Om Desai,MECH,4
396,Sai Mahajan,CSE,2
397,Kabir Mahajan,MECH,1
398,Nisha Sawant,AI&DS,3
399,Manav More,IT,1
400,Sai Shinde,CIVIL,4
401,Kunal Lokhande,CSE,3
402,Yash Sawant,CIVIL,4
403,Manav Sharma,CSE,2
404,Zoya Shinde,AI&DS,1
405,Kabir Sawant,ENTC,1
406,Vivaan Kale,ENTC,3
407,Vivaan Deshmukh,CIVIL,4
408,Aditi Mahajan,AI&DS,1
409,Anaya Desai,MECH,3
410,Reeva Pawar,CIVIL,1
411,Advait Kale,MECH,2
412,Advait Deshmukh,CIVIL,1
413,Vivaan Kale,MECH,3
414,Ishaan Lokhande,MECH,1
415,Aarav Jadhav,CIVIL,2
416,Nisha Shinde,IT,4
417,Krisha Mahajan,CIVIL,4
418,Krisha Pawar,CSE,2
419,Aarav Desai,IT,1
420,Yash Gavade,CSE,3
421,Aarav Sharma,CIVIL,3
422,Nisha More,AI&DS,1
423,Manav Shinde,ENTC,4
424,Zoya Wagh,CIVIL,4
425,Anaya Deshmukh,CSE,4
426,Kabir Joshi,MECH,2
427,Sana Jadhav,AI&DS,2
428,Sara Shinde,MECH,4
429,Aditi Bhosale,IT,2
430,Yash Deshmukh,IT,1
431,Krisha Pawar,IT,4
432,Sai Sawant,ENTC,4
433,Nisha Sawant,MECH,4
434,Sai Sharma,MECH,3
435,Advait Kulkarni,ENTC,3
436,Anaya Mahajan,ENTC,4
437,Manav Wagh,CIVIL,4
438,Advait Kadam,MECH,2
439,Sana Bhosale,CSE,3
440,Riya Kadam,IT,4
441,Riya Gavade,IT,2
442,Ishaan Kale,IT,3
443,Riya Shinde,AI&DS,2
444,Yash Kulkarni,MECH,1
445,Aditi Deshmukh,ENTC,3
446,Kabir Jadhav,CIVIL,2
447,Nisha Sharma,CIVIL,4
448,Sana Lokhande,IT,3
449,Anaya Mahajan,CSE,1
450,Krisha Mahajan,CSE,4
451,Nisha Jadhav,ENTC,2
452,Nisha Kale,ENTC,4
453,Nisha Shinde,CSE,1
454,Aditi Patil,AI&DS,4
455,Sara More,MECH,1
456,Yash Deshmukh,ENTC,4
457,Manav Sawant,AI&DS,2
458,Nisha Naik,IT,4
459,Riya Deshmukh,ENTC,3
460,Ishaan Sharma,IT,1
461,Kunal Kadam,CSE,1
462,Reeva Jadhav,AI&DS,3
463,Reeva Wagh,CIVIL,3
464,Krisha Gavade,CSE,3
465,Vivaan Sharma,IT,2
466,Kabir Wagh,ENTC,3
467,Tara Gore,MECH,2
468,Anaya Bhosale,CIVIL,3
469,Kabir Naik,MECH,1
470,Kabir Sawant,IT,4
471,Aarav Bhosale,CSE,3
472,Om Patil,ENTC,3
473,Aarav Jadhav,AI&DS,1
474,Zoya Jadhav,IT,3
475,Vivaan Bhosale,CIVIL,4
476,Sara Mahajan,AI&DS,2
477,Yash Kulkarni,IT,3
478,Zoya Bhosale,CIVIL,4
479,Manav Kulkarni,IT,2
480,Manav Kulkarni,CIVIL,4
481,Tara Kulkarni,CSE,3
482,Ishaan Gore,AI&DS,1
483,Aditi More,CSE,4
484,Anaya More,CSE,3
485,Riya Joshi,AI&DS,1
486,Aditi Sharma,ENTC,4
487,Riya Mahajan,IT,2
488,Sai Desai,IT,3
489,Yash Gore,MECH,4
490,Yash Lokhande,AI&DS,1
491,Manav More,ENTC,4
492,Riya Deshmukh,MECH,1
493,Sara Patil,ENTC,3
494,Sai Desai,ENTC,4
495,Manav Patil,IT,4
496,Tara Jadhav,AI&DS,2
497,Nisha Sawant,CSE,2
498,Sana Gavade,MECH,1
499,Anaya Naik,AI&DS,2
500,Sana Desai,AI&DS,2
501,Kabir Patil,ENTC,3
502,Sara Sharma,CIVIL,2
503,Sana Sawant,AI&DS,1
504,Zoya Desai,CSE,1
505,Zoya Bhosale,ENTC,3
506,Anaya Gore,CIVIL,3
507,Nisha Gavade,CSE,1
508,Anaya Patil,CSE,3
509,Ishaan Kulkarni,MECH,1
510,Sara Mahajan,CSE,1
511,Advait Sawant,ENTC,3
512,Zoya Kale,ENTC,1
513,Riya Gavade,MECH,3
514,Nisha Deshmukh,CIVIL,1
515,Manav Kale,IT,4
516,Reeva Wagh,MECH,3
517,Sara Pawar,ENTC,1
518,Riya Kale,ENTC,2
519,Nisha Wagh,ENTC,4
520,Sara Pawar,MECH,4
521,Yash Pawar,AI&DS,4
522,Vivaan Mahajan,ENTC,2
523,Advait Mahajan,MECH,4
524,Sai Kale,CSE,2
525,Tara Patil,CSE,2
526,Riya Deshmukh,ENTC,1
527,Advait Naik,AI&DS,4
528,Anaya Pawar,IT,1
529,Manav Lokhande,CSE,2
530,Reeva Jadhav,CIVIL,3
531,Sai Desai,MECH,1
532,Nisha Deshmukh,IT,4
533,Reeva Deshmukh,IT,3
534,Zoya Gavade,IT,2
535,Sana Jadhav,CIVIL,3
536,Sara Lokhande,CSE,4
537,Sara Kadam,ENTC,4
538,Manav Sharma,CSE,4
539,Aarav Gavade,ENTC,3
540,Kunal Shinde,CSE,3
541,Zoya Kulkarni,ENTC,3
542,Yash Desai,ENTC,3
543,Aditi Gavade,CIVIL,3
544,Riya Kulkarni,ENTC,1
545,Tara Sawant,CSE,2
546,Tara Kulkarni,IT,4
547,Ishaan Kulkarni,ENTC,1
548,Yash Jadhav,CIVIL,3
549,Ishaan Naik,CSE,3
550,Om Mahajan,IT,4
551,Aarav Kulkarni,CSE,3
552,Anaya Naik,IT,2
553,Sara Kadam,ENTC,4
554,Sara Kale,AI&DS,3
555,Vivaan Desai,IT,1
556,Manav Joshi,MECH,2
557,Yash Joshi,CIVIL,2
558,Kabir Kadam,CIVIL,1
559,Zoya Gavade,CIVIL,3
560,Tara Kale,CIVIL,2
561,Yash More,MECH,2
562,Sai Gore,CIVIL,1
563,Om Wagh,CIVIL,2
564,Vivaan Deshmukh,ENTC,2
565,Nisha Deshmukh,AI&DS,3
566,Manav Lokhande,CSE,4
567,Vivaan Kale,MECH,3
568,Reeva Wagh,CSE,1
569,Riya Shinde,CIVIL,2
570,Om Kadam,CIVIL,2
571,Tara Joshi,ENTC,3
572,Yash Pawar,MECH,4
573,Vivaan Pawar,IT,3
574,Reeva Naik,IT,4
575,Nisha Desai,CIVIL,2
576,Kabir Sawant,CIVIL,1
577,Vivaan Gavade,CIVIL,4
578,Nisha Bhosale,CSE,3
579,Reeva Shinde,CSE,1
580,Tara Jadhav,MECH,2
581,Aditi Wagh,IT,3
582,Sara Naik,MECH,2
583,Zoya Wagh,CIVIL,1
584,Tara Pawar,MECH,3
585,Nisha Naik,MECH,3
586,Kabir Kadam,CSE,3
587,Tara Pawar,CSE,2
588,Zoya Kulkarni,IT,4
589,Riya Kulkarni,CSE,3
590,Sai Joshi,MECH,3
591,Sana Patil,CIVIL,3
592,Kabir Desai,CSE,4
593,Zoya Patil,MECH,3
594,Zoya Deshmukh,AI&DS,4
595,Sana Kale,IT,1
596,Tara Patil,ENTC,2
597,Kabir Patil,AI&DS,2
598,Krisha Sharma,ENTC,1
599,Riya Patil,ENTC,4
600,Manav Gavade,IT,1
601,Krisha Jadhav,AI&DS,1
602,Advait Jadhav,ENTC,2
603,Nisha More,MECH,3
604,Aarav Mahajan,CIVIL,3
605,Krisha Jadhav,CIVIL,1
606,Zoya Deshmukh,AI&DS,4
607,Riya Deshmukh,MECH,1
608,Om Naik,MECH,1
609,Sai Mahajan,CSE,4
610,Om Naik,IT,4
611,Om Jadhav,AI&DS,2
612,Kunal Patil,CSE,3
613,Tara Lokhande,CSE,3
614,Ishaan Jadhav,AI&DS,1
615,Aarav Pawar,ENTC,3
616,Aarav Patil,AI&DS,1
617,Kabir Wagh,CIVIL,1
618,Aarav Jadhav,AI&DS,3
619,Zoya Mahajan,CIVIL,1
620,Reeva Kadam,CSE,3
621,Sara Gavade,CIVIL,1
622,Om Kulkarni,MECH,3
623,Nisha More,CSE,1
624,Aarav Jadhav,AI&DS,3
625,Anaya Kulkarni,CIVIL,1
626,Sana Bhosale,CIVIL,1
627,Om Jadhav,AI&DS,4
628,Manav Mahajan,IT,3
629,Sana Bhosale,IT,3
630,Tara Joshi,AI&DS,4
631,Kunal Gore,CIVIL,4
632,Nisha Sharma,MECH,2
633,Kunal Mahajan,MECH,4
634,Kunal Kulkarni,CIVIL,4
635,Yash More,MECH,3
636,Vivaan Sawant,IT,4
637,Aarav Joshi,CSE,4
638,Om Patil,IT,2
639,Aarav Deshmukh,IT,3
640,Riya Wagh,CSE,2
641,Vivaan Bhosale,CIVIL,1
642,Krisha Gavade,CIVIL,2
643,Yash More,CIVIL,2
644,Anaya Deshmukh,IT,4
645,Manav More,CSE,1
646,Sara Sawant,MECH,4
647,Zoya Shinde,ENTC,1
648,Anaya Patil,MECH,1
649,Manav Gore,MECH,2
650,Advait Patil,IT,3
651,Vivaan Joshi,IT,1
652,Aditi Gavade,CIVIL,4
653,Manav Patil,ENTC,3
654,Ishaan Patil,MECH,1
655,Kabir Wagh,CSE,4
656,Reeva Gavade,IT,2
657,Om Naik,AI&DS,4
658,Riya Jadhav,ENTC,2
659,Vivaan Patil,MECH,1
660,Aarav Sawant,CIVIL,2
661,Ishaan Pawar,IT,1
662,Advait Patil,CIVIL,1
663,Anaya Bhosale,MECH,4
664,Anaya Kale,CSE,3
665,Aarav Kale,IT,1
666,Nisha Naik,ENTC,3
667,Aditi Bhosale,MECH,3
668,Kunal Deshmukh,CIVIL,2
669,Yash Kulkarni,MECH,4
670,Yash Gavade,CIVIL,3
671,Krisha Kadam,CIVIL,4
672,Aarav Kale,AI&DS,1
673,Sana Gore,ENTC,1
674,Riya Desai,CSE,1
675,Kabir More,CSE,4
676,Zoya Pawar,IT,4
677,Aditi Jadhav,IT,4
678,Manav Sharma,CIVIL,2
679,Reeva Naik,AI&DS,1
680,Manav More,CSE,4
681,Nisha Naik,IT,4
682,Aditi Desai,CSE,1
683,Manav Lokhande,CIVIL,2
684,Kunal Wagh,AI&DS,4
685,Reeva Kale,AI&DS,1
686,Kunal Bhosale,AI&DS,4
687,Manav Joshi,AI&DS,4
688,Om Jadhav,ENTC,2
689,Aditi Kadam,IT,1
690,Om Pawar,AI&DS,4
691,Sai Joshi,ENTC,1
692,Yash Wagh,CIVIL,1
693,Riya Lokhande,MECH,2
694,Advait Bhosale,ENTC,2
695,Sana Sawant,MECH,1
696,Nisha Sharma,CIVIL,3
697,Yash Lokhande,MECH,2
698,Advait Wagh,CIVIL,4
699,Vivaan Kale,IT,4
700,Anaya Gavade,ENTC,4
701,Kabir Kadam,CIVIL,1
702,Tara Kulkarni,ENTC,2
703,Vivaan Gore,CIVIL,1
704,Anaya Deshmukh,CIVIL,3
705,Sana Bhosale,MECH,4
706,Kunal Kadam,CSE,1
707,Vivaan More,ENTC,2
708,Riya Naik,IT,2
709,Yash Gore,AI&DS,1
710,Aditi Wagh,MECH,2
711,Reeva Kale,AI&DS,2
712,Advait Mahajan,MECH,2
713,Aarav Kale,CSE,4
714,Kunal Shinde,MECH,4
715,Sara Gavade,IT,4
716,Vivaan Deshmukh,IT,2
717,Reeva Pawar,AI&DS,3
718,Nisha Kadam,ENTC,3
719,Riya Joshi,MECH,1
720,Aarav Kadam,CIVIL,3
721,Sana Bhosale,IT,2
722,Sana Sawant,IT,2
723,Reeva Deshmukh,CIVIL,4
724,Sai Lokhande,AI&DS,4
725,Advait Desai,MECH,3
726,Aditi Sawant,CSE,3
727,Ishaan Lokhande,AI&DS,2
728,Sara Pawar,CSE,4
729,Aditi Jadhav,CSE,4
730,Anaya Patil,ENTC,3
731,Yash Sharma,IT,2
732,Sara Kale,IT,2
733,Zoya Joshi,ENTC,3
734,Sara Sharma,AI&DS,4
735,Kunal Gore,IT,3
736,Yash Mahajan,CSE,1
737,Sana Shinde,AI&DS,4
738,Nisha Kulkarni,MECH,1
739,Anaya Deshmukh,ENTC,1
740,Sai Sawant,MECH,1
741,Anaya Desai,CIVIL,3
742,Tara Shinde,ENTC,2
743,Nisha Mahajan,AI&DS,2
744,Tara Wagh,IT,1
745,Advait Jadhav,IT,2
746,Vivaan Gavade,AI&DS,4
747,Sai Sawant,IT,1
748,Yash Kadam,MECH,1
749,Nisha Deshmukh,CSE,2
750,Ishaan Desai,CSE,3
751,Aditi Bhosale,IT,4
752,Aarav Pawar,CIVIL,2
753,Sana Lokhande,CIVIL,3
754,Advait Joshi,CIVIL,2
755,Nisha Jadhav,IT,1
756,Om Kulkarni,ENTC,4
757,Riya Bhosale,MECH,2
758,Om Pawar,ENTC,2
759,Ishaan Sawant,CSE,4
760,Anaya Jadhav,ENTC,3
761,Sara Shinde,CSE,2
762,Reeva Desai,CIVIL,1
763,Kunal Shinde,MECH,1
764,Riya Gore,CIVIL,1
765,Sana Gavade,IT,4
766,Yash Mahajan,MECH,1
767,Sana Bhosale,ENTC,2
768,Zoya Gavade,ENTC,2
769,Yash More,MECH,2
770,Vivaan Deshmukh,MECH,1
771,Vivaan Pawar,AI&DS,3
772,Riya More,AI&DS,3
773,Krisha Wagh,CIVIL,2
774,Aarav Deshmukh,AI&DS,2
775,Yash Desai,AI&DS,1
776,Riya Wagh,ENTC,3
777,Riya Sawant,IT,2
778,Om Deshmukh,ENTC,1
779,Zoya Bhosale,CIVIL,3
780,Advait Jadhav,IT,2
781,Om Lokhande,AI&DS,3
782,Riya Naik,CIVIL,4
783,Kunal Kale,ENTC,3
784,Aditi Sharma,ENTC,3
785,Aarav More,IT,4
786,Anaya Gore,IT,2
787,Om Gavade,CSE,3
788,Advait Mahajan,IT,4
789,Kunal Patil,IT,3
790,Vivaan Gavade,IT,3
791,Reeva Deshmukh,ENTC,3
792,Ishaan Patil,MECH,4
793,Aditi Joshi,AI&DS,4
794,Manav Naik,AI&DS,1
795,Reeva Kale,CIVIL,1
796,Nisha Shinde,IT,3
797,Kabir Shinde,CSE,4
798,Aditi Mahajan,CSE,1
799,Ishaan Jadhav,AI&DS,3
800,Manav Pawar,AI&DS,4
801,Ishaan More,IT,2
802,Sara Sawant,ENTC,4
803,Kunal Kale,IT,4
804,Nisha Kadam,CSE,1
805,Zoya Deshmukh,CSE,4
806,Manav Patil,IT,3
807,Manav Joshi,IT,3
808,Riya Sawant,CSE,1
809,Sai Sawant,MECH,4
810,Zoya Patil,CIVIL,4
811,Zoya Kadam,CIVIL,4
812,Sana Shinde,CSE,1
813,Tara Kulkarni,MECH,2
814,Zoya Sharma,CIVIL,4
815,Sana Kadam,CIVIL,2
816,Riya Joshi,CSE,4
817,Advait Lokhande,CSE,1
818,Sara Bhosale,ENTC,3
819,Ishaan Kulkarni,AI&DS,4
820,Kunal Kulkarni,MECH,4
821,Tara More,IT,1
822,Om More,ENTC,1
823,Advait Kadam,MECH,3
824,Kunal Sawant,IT,4
825,Sara Kadam,ENTC,3
826,Sana Desai,CIVIL,3
827,Tara Shinde,ENTC,3
828,Aditi Sawant,ENTC,4
829,Nisha Joshi,CSE,1
830,Tara Kale,MECH,1
831,Kabir Patil,CIVIL,3
832,Manav Sawant,AI&DS,1
833,Sai Sharma,IT,4
834,Tara Patil,ENTC,4
835,Nisha Deshmukh,ENTC,2
836,Ishaan Sharma,CSE,4
837,Tara Mahajan,ENTC,3
838,Aditi Naik,IT,2
839,Zoya Kadam,CSE,2
840,Om Kulkarni,AI&DS,2
841,Reeva Jadhav,MECH,3
842,Manav Sawant,ENTC,2
843,Sai Sharma,MECH,4
844,Sana Jadhav,ENTC,1
845,Sara Bhosale,IT,3
846,Sara Lokhande,IT,2
847,Om Desai,IT,3
848,Anaya Shinde,AI&DS,1
849,Manav Deshmukh,ENTC,1
850,Manav Kulkarni,CSE,4
851,Aditi Sawant,IT,1
852,Krisha Kale,AI&DS,1
853,Sara Kulkarni,IT,4
854,Zoya Gore,CSE,1
855,Sara Desai,ENTC,2
856,Nisha Mahajan,CIVIL,4
857,Advait Kale,CIVIL,3
858,Riya Patil,AI&DS,3
859,Tara Patil,AI&DS,2
860,Aarav Deshmukh,CSE,1
861,Vivaan Bhosale,IT,2
862,Reeva Patil,AI&DS,4
863,Advait Wagh,CIVIL,3
864,Anaya Pawar,MECH,4
865,Manav More,AI&DS,4
866,Yash Gore,AI&DS,2
867,Tara Pawar,CSE,1
868,Nisha Joshi,AI&DS,1
869,Krisha Desai,CSE,2
870,Sai More,CSE,2
871,Nisha Shinde,IT,1
872,Sana More,AI&DS,4
873,Nisha Desai,MECH,1
874,Yash Deshmukh,AI&DS,1
875,Yash Desai,IT,2
876,Advait Gavade,CSE,1
877,Ishaan More,MECH,1
878,Sara Joshi,IT,4
879,Ishaan Desai,AI&DS,4
880,Yash Naik,MECH,4
881,Aarav Pawar,CIVIL,2
882,Sara Jadhav,CSE,2
883,Sai Wagh,AI&DS,3
884,Krisha Patil,CSE,2
885,Sai Kale,ENTC,1
886,Riya Mahajan,CIVIL,4
887,Reeva Kadam,CIVIL,1
888,Kunal Mahajan,CSE,1
889,Kunal Wagh,ENTC,1
890,Sana Kulkarni,IT,4
891,Kunal Joshi,ENTC,3
892,Krisha Kadam,IT,3
893,Aarav Desai,IT,3
894,Kunal Sawant,ENTC,4
895,Advait Wagh,CSE,2
896,Manav Kale,ENTC,1
897,Advait Naik,IT,2
898,Sana Kadam,IT,3
899,Nisha Shinde,CSE,3
900,Vivaan Patil,ENTC,2
901,Kabir Naik,AI&DS,1
902,Anaya Joshi,CIVIL,1
903,Om Pawar,CSE,2
904,Nisha Kadam,ENTC,4
905,Yash Shinde,CSE,3
906,Anaya Gore,AI&DS,2
907,Anaya More,MECH,4
908,Advait Pawar,ENTC,2
909,Tara Jadhav,MECH,1
910,Advait More,AI&DS,2
911,Aditi Gore,IT,3
912,Krisha Patil,AI&DS,3
913,Sara Deshmukh,CSE,1
914,Manav Mahajan,MECH,2
915,Sai Kale,MECH,4
916,Krisha Joshi,MECH,3
917,Riya Shinde,CIVIL,3
918,Advait Wagh,AI&DS,4
919,Zoya Kale,ENTC,1
920,Tara Lokhande,AI&DS,4
921,Advait Gavade,ENTC,1
922,Ishaan Gavade,CIVIL,4
923,Riya Shinde,AI&DS,3
924,Aarav Kale,IT,1
925,Anaya Desai,AI&DS,2
926,Reeva Kale,IT,2
927,Sai Desai,IT,2
928,Aditi Sawant,CSE,3
929,Kabir Kadam,MECH,1
930,Sara Patil,AI&DS,2
931,Vivaan Desai,MECH,4
932,Aditi Sharma,AI&DS,4
933,Advait Gore,ENTC,2
934,Ishaan Gore,MECH,4
935,Om Bhosale,CSE,1
936,Advait Patil,CIVIL,3
937,Tara Deshmukh,AI&DS,3
938,Manav Kadam,CSE,3
939,Manav Jadhav,AI&DS,4
940,Nisha Kale,IT,2
941,Anaya Gore,MECH,1
942,Aarav Shinde,AI&DS,4
943,Yash Joshi,ENTC,3
944,Sara Kadam,CIVIL,3
945,Yash Desai,AI&DS,4
946,Sara Sawant,AI&DS,3
947,Kabir Sawant,IT,2
948,Om Joshi,AI&DS,4
949,Sai Lokhande,AI&DS,3
950,Vivaan Kale,AI&DS,4
951,Aarav Joshi,CIVIL,3
952,Riya Jadhav,ENTC,4
953,Ishaan Naik,MECH,1
954,Sara Sawant,CIVIL,2
955,Yash Naik,MECH,4
956,Zoya Pawar,MECH,3
957,Sana Patil,MECH,3
958,Aarav Shinde,CSE,1
959,Aditi Sharma,MECH,1
960,Aarav Gore,IT,4
961,Ishaan Deshmukh,IT,1
962,Vivaan Bhosale,IT,3
963,Krisha Jadhav,AI&DS,1
964,Om Kulkarni,CSE,1
965,Sara Sharma,AI&DS,3
966,Reeva Kulkarni,AI&DS,1
967,Zoya Gore,ENTC,3
968,Yash Jadhav,CIVIL,3
969,Om Lokhande,IT,2
970,Yash Naik,ENTC,4
971,Krisha Sharma,CSE,3
972,Manav Jadhav,CIVIL,2
973,Reeva Shinde,MECH,4
974,Advait Kale,AI&DS,3
975,Sai Kale,ENTC,1
976,Sara Joshi,AI&DS,1
977,Vivaan Wagh,IT,2
978,Vivaan Bhosale,CIVIL,4
979,Om Wagh,ENTC,3
980,Reeva Pawar,CSE,1
981,Anaya Naik,AI&DS,1
982,Krisha Jadhav,IT,2
983,Reeva Naik,MECH,1
984,Sai Mahajan,ENTC,4
985,Ishaan Gavade,AI&DS,3
986,Aarav Wagh,ENTC,1
987,Krisha Naik,IT,3
988,Sai Sharma,IT,4
989,Reeva Kulkarni,AI&DS,2
990,Yash Pawar,ENTC,4
991,Aditi Deshmukh,ENTC,2
992,Reeva Kale,IT,2
993,Yash More,CSE,4
994,Nisha More,CSE,1
995,Zoya Lokhande,CSE,2
996,Advait Pawar,AI&DS,4
997,Advait Wagh,ENTC,4
998,Zoya Lokhande,CIVIL,1
999,Kabir Patil,CSE,1
1000,Krisha More,MECH,4
1001,Advait Shinde,MECH,2
1002,Zoya Shinde,IT,1
1003,Krisha Gore,CIVIL,2
1004,Kunal Deshmukh,IT,1
1005,Riya Desai,AI&DS,4
1006,Manav Gore,ENTC,1
1007,Manav Gore,IT,2
1008,Zoya Sharma,MECH,4
1009,Krisha Wagh,ENTC,2
1010,Riya Shinde,AI&DS,4
1011,Advait Lokhande,MECH,4
1012,Kabir Sharma,IT,1
1013,Vivaan Deshmukh,CSE,4
1014,Tara More,CSE,1
1015,Nisha Deshmukh,ENTC,1
1016,Riya Joshi,ENTC,2
1017,Aditi Jadhav,IT,3
1018,Anaya Shinde,MECH,1
1019,Nisha Naik,IT,4
1020,Sara Desai,CIVIL,1
1021,Aditi Kadam,MECH,3
1022,Riya Mahajan,IT,2
1023,Anaya Desai,CSE,2
1024,Sai Wagh,CIVIL,2
1025,Kabir Naik,CSE,1
1026,Sana Naik,MECH,3
1027,Nisha Deshmukh,ENTC,3
1028,Tara Kulkarni,CIVIL,3
1029,Om Gore,CSE,3
1030,Manav Gore,MECH,2
1031,Aditi Wagh,CIVIL,1
1032,Manav Joshi,CIVIL,1
1033,Nisha Pawar,ENTC,2
1034,Tara Lokhande,CSE,2
1035,Vivaan Desai,MECH,4
1036,Aditi Jadhav,CIVIL,2
1037,Vivaan Wagh,AI&DS,4
1038,Anaya Sawant,CSE,2
1039,Om Mahajan,AI&DS,3
1040,Aarav Gavade,IT,1
1041,Sara Gavade,CSE,1
1042,Advait Joshi,CSE,3
1043,Om Jadhav,AI&DS,1
1044,Sana Kadam,IT,1
1045,Riya Patil,ENTC,4
1046,Ishaan Shinde,CIVIL,3
1047,Nisha Shinde,ENTC,2
1048,Manav Jadhav,ENTC,2
1049,Yash Bhosale,MECH,1
1050,Reeva Shinde,CSE,2
1051,Ishaan Joshi,ENTC,3
1052,Sana Kulkarni,IT,4
1053,Ishaan Desai,MECH,1
1054,Nisha Shinde,CSE,1
1055,Kabir Jadhav,AI&DS,1
1056,Om Deshmukh,AI&DS,3
1057,Sara More,CSE,4
1058,Advait Bhosale,CSE,1
1059,Kunal Wagh,MECH,2
1060,Nisha Patil,MECH,4
1061,Ishaan Patil,ENTC,4
1062,Riya Joshi,CIVIL,3
1063,Anaya Bhosale,MECH,4
1064,Riya Sharma,MECH,4
1065,Om Patil,IT,2
1066,Krisha Desai,CIVIL,1
1067,Sana Gavade,AI&DS,3
1068,Ishaan Wagh,CIVIL,2
1069,Om More,IT,2
1070,Sara Sharma,MECH,3
1071,Nisha Kadam,CIVIL,3
1072,Manav Joshi,MECH,3
1073,Anaya Kale,CIVIL,3
1074,Sara More,AI&DS,3
1075,Nisha Sawant,CSE,3
1076,Zoya More,ENTC,4
1077,Aarav Kadam,ENTC,2
1078,Advait Kadam,ENTC,1
1079,Anaya Sawant,IT,2
1080,Aditi Kale,MECH,3
1081,Riya Gore,CSE,3
1082,Aditi Pawar,CSE,1
1083,Vivaan Lokhande,AI&DS,4
1084,Kabir Pawar,ENTC,2
1085,Manav Joshi,ENTC,1
1086,Sara More,CSE,1
1087,Yash Gavade,MECH,2
1088,Sana More,IT,1
1089,Zoya Mahajan,CIVIL,1
1090,Riya Gore,MECH,4
1091,Tara Joshi,IT,4
1092,Sana Deshmukh,IT,2
1093,Advait Deshmukh,CIVIL,1
1094,Tara Sawant,AI&DS,1
1095,Vivaan Mahajan,AI&DS,4
1096,Sai Wagh,IT,2
1097,Vivaan Patil,MECH,2
1098,Aditi Kadam,ENTC,3
1099,Nisha Lokhande,AI&DS,3
1100,Sana Patil,CSE,4
1101,Nisha Shinde,ENTC,3
1102,Kunal Lokhande,ENTC,1
1103,Nisha Bhosale,CIVIL,4
1104,Krisha Gore,IT,2
1105,Advait Kale,IT,4
1106,Yash Deshmukh,MECH,3
1107,Om Naik,AI&DS,2
1108,Tara Mahajan,AI&DS,3
1109,Krisha Pawar,CIVIL,3
1110,Om Pawar,AI&DS,4
1111,Krisha More,MECH,1
1112,Riya Gore,MECH,2
1113,Yash Bhosale,IT,1
1114,Krisha Sharma,CIVIL,4
1115,Sai Naik,ENTC,2
1116,Om Mahajan,CIVIL,4
1117,Anaya Wagh,ENTC,1
1118,Riya Gore,AI&DS,1
1119,Nisha Gore,CIVIL,3
1120,Nisha Lokhande,IT,2
1121,Aditi Patil,MECH,3
1122,Yash Joshi,MECH,4
1123,Om Mahajan,CSE,2
1124,Yash More,ENTC,4
1125,Anaya Naik,MECH,4
1126,Sana Jadhav,IT,4
1127,Yash Gavade,AI&DS,1
1128,Tara Pawar,AI&DS,1
1129,Aditi Shinde,ENTC,1
1130,Kabir Bhosale,IT,4
1131,Manav Deshmukh,CSE,1
1132,Nisha Kulkarni,MECH,2
1133,Krisha Sharma,IT,3
1134,Kunal Deshmukh,MECH,1
1135,Zoya Naik,IT,2
1136,Advait Kadam,AI&DS,1
1137,Nisha Kadam,IT,3
1138,Manav Kadam,CIVIL,4
1139,Om Kale,CIVIL,4
1140,Kunal Kadam,IT,4
1141,Aarav Bhosale,CIVIL,2
1142,Aditi Sharma,CSE,3
1143,Kunal Shinde,ENTC,4
1144,Aditi Shinde,IT,3
1145,Kabir Mahajan,CSE,2
1146,Riya Kadam,AI&DS,4
1147,Anaya Kadam,CIVIL,4
1148,Aarav Deshmukh,IT,2
1149,Krisha Kale,AI&DS,2
1150,Tara Gavade,CIVIL,3
1151,Aarav Lokhande,MECH,1
1152,Sara Patil,CIVIL,2
1153,Aarav Gavade,CSE,2
1154,Tara More,MECH,1
1155,Vivaan Kadam,CSE,4
1156,Zoya Mahajan,IT,4
1157,Manav Naik,MECH,4
1158,Aarav More,IT,3
1159,Kabir Patil,AI&DS,3
1160,Manav Sharma,IT,1
1161,Kabir Pawar,AI&DS,1
1162,Reeva Desai,IT,3
1163,Reeva Wagh,CSE,4
1164,Sana Pawar,CIVIL,1
1165,Zoya Desai,IT,1
1166,Manav More,CSE,1
1167,Aditi Jadhav,CSE,3
1168,Zoya Desai,ENTC,2
1169,Sai Pawar,CSE,1
1170,Kabir Patil,AI&DS,3
1171,Aarav More,ENTC,4
1172,Reeva Sawant,IT,4
1173,Reeva More,CSE,2
1174,Zoya Deshmukh,ENTC,3
1175,Riya Naik,IT,3
1176,Krisha Kadam,CSE,4
1177,Aditi Kale,ENTC,2
1178,Tara Patil,CSE,3
1179,Kabir Bhosale,ENTC,3
1180,Aarav Deshmukh,AI&DS,2
1181,Advait More,ENTC,2
1182,Kunal Mahajan,AI&DS,2
1183,Om Sharma,CIVIL,1
1184,Kunal Wagh,AI&DS,3
1185,Advait Naik,MECH,1
1186,Aditi Naik,IT,2
1187,Kabir Gore,MECH,3
1188,Sana Gore,CIVIL,1
1189,Tara Patil,ENTC,4
1190,Krisha Bhosale,CSE,1
1191,Nisha Kadam,ENTC,2
1192,Reeva Kadam,IT,3
1193,Sai Sharma,MECH,4
1194,Nisha More,IT,1
1195,Manav Deshmukh,CSE,4
1196,Ishaan Patil,CIVIL,3
1197,Vivaan Sharma,ENTC,2
1198,Yash More,MECH,3
1199,Manav Shinde,MECH,4
1200,Aditi Mahajan,ENTC,2
1201,Zoya Jadhav,CIVIL,3
1202,Sana Kulkarni,ENTC,3
1203,Manav Kadam,CIVIL,1
1204,Yash Desai,ENTC,2
1205,Krisha Sharma,MECH,2
1206,Krisha Deshmukh,AI&DS,2
1207,Nisha Mahajan,CIVIL,4
1208,Ishaan Patil,CIVIL,1
1209,Advait Bhosale,AI&DS,3
1210,Anaya Joshi,CSE,1
1211,Manav Wagh,AI&DS,2
1212,Vivaan Patil,CIVIL,1
1213,Sai Kadam,AI&DS,1
1214,Nisha Kadam,CIVIL,1
1215,Om Patil,AI&DS,3
1216,Advait Kulkarni,AI&DS,3
1217,Kabir Shinde,CSE,3
1218,Ishaan Deshmukh,ENTC,2
1219,Nisha Kadam,AI&DS,4
1220,Sai Kulkarni,CSE,4
1221,Nisha Gavade,CSE,3
1222,Reeva Gavade,ENTC,3
1223,Kabir Bhosale,ENTC,2
1224,Sai Gavade,MECH,1
1225,Tara Wagh,ENTC,4
1226,Om Gore,CIVIL,2
1227,Ishaan Pawar,CSE,4
1228,Aditi More,CIVIL,3
1229,Advait Jadhav,ENTC,2
1230,Sana Patil,CSE,3
1231,Sana Kadam,CSE,3
1232,Anaya Kadam,MECH,4
1233,Yash Desai,CIVIL,1
1234,Krisha Kadam,MECH,4
1235,Sana Patil,MECH,2
1236,Advait Lokhande,IT,2
1237,Reeva Wagh,AI&DS,1
1238,Yash Kale,AI&DS,1
1239,Anaya Kadam,AI&DS,4
1240,Aarav Wagh,IT,1
1241,Om Kulkarni,IT,2
1242,Ishaan Sharma,MECH,4
1243,Sai Wagh,CSE,2
1244,Sai Sawant,CIVIL,1
1245,Aditi Kadam,ENTC,2
1246,Riya Gavade,CSE,4
1247,Sara Kadam,MECH,1
1248,Om More,ENTC,3
1249,Kunal Sharma,CIVIL,3
1250,Om Wagh,MECH,4
1251,Kunal Sawant,MECH,2
1252,Anaya Pawar,CSE,1
1253,Tara Jadhav,MECH,1
1254,Aditi Sawant,CIVIL,2
1255,Reeva Joshi,CIVIL,1
1256,Aditi Kale,CSE,4
1257,Sai Desai,AI&DS,3
1258,Kunal Deshmukh,IT,2
1259,Kabir Pawar,MECH,3
1260,Vivaan Gavade,IT,4
1261,Om Pawar,ENTC,2
1262,Zoya Patil,CIVIL,4
1263,Advait Deshmukh,CIVIL,2
1264,Sara Kadam,AI&DS,4
1265,Sana Mahajan,CIVIL,4
1266,Aarav More,CIVIL,2
1267,Aditi Sharma,CSE,4
1268,Vivaan Gore,CIVIL,2
1269,Ishaan Lokhande,CIVIL,1
1270,Manav Lokhande,CIVIL,2
1271,Sai Patil,AI&DS,4
1272,Om Patil,AI&DS,2
1273,Tara Mahajan,ENTC,3
1274,Kunal Wagh,AI&DS,4
1275,Om Kadam,CIVIL,2
1276,Sai Sawant,IT,4
1277,Vivaan Kulkarni,ENTC,4
1278,Advait Deshmukh,MECH,2
1279,Riya Kale,CSE,2
1280,Zoya Sharma,MECH,4
1281,Riya Sawant,CSE,1
1282,Ishaan Mahajan,IT,4
1283,Aditi Desai,MECH,4
1284,Kabir Kadam,MECH,3
1285,Sai Jadhav,CSE,1
1286,Vivaan Wagh,CSE,1
1287,Sana Kale,CSE,1
1288,Reeva Mahajan,CSE,3
1289,Zoya More,CSE,1
1290,Nisha Gore,MECH,4
1291,Manav Lokhande,MECH,3
1292,Aditi Naik,CIVIL,2
1293,Nisha Kale,AI&DS,2
1294,Kunal Kadam,AI&DS,2
1295,Sai Kadam,AI&DS,2
1296,Nisha Joshi,IT,3
1297,Tara Sharma,MECH,1
1298,Aditi Shinde,MECH,3
1299,Anaya Pawar,ENTC,3
1300,Advait Kale,CIVIL,4
1301,Sara Sawant,IT,2
1302,Kabir Kadam,ENTC,4
1303,Sai Wagh,IT,1
1304,Om Shinde,MECH,4
1305,Sana Bhosale,MECH,4
1306,Om Kulkarni,IT,1
1307,Ishaan Joshi,MECH,1
1308,Vivaan Kale,ENTC,3
1309,Manav Pawar,MECH,3
1310,Sai Bhosale,IT,4
1311,Reeva Deshmukh,ENTC,1
1312,Nisha Kale,MECH,4
1313,Riya Kadam,AI&DS,1
1314,Manav Gore,IT,3
1315,Krisha Kale,CIVIL,2
1316,Zoya Gore,ENTC,4
1317,Riya Pawar,AI&DS,1
1318,Aditi Mahajan,MECH,1
1319,Zoya Kadam,AI&DS,2
1320,Aarav Sharma,AI&DS,2
1321,Om Wagh,CSE,3
1322,Yash Sawant,AI&DS,4
1323,Om Patil,IT,3
1324,Om Kale,CSE,4
1325,Zoya Gore,AI&DS,4
1326,Advait Pawar,ENTC,3
1327,Tara Naik,AI&DS,2
1328,Anaya Bhosale,ENTC,1
1329,Zoya Sawant,IT,2
1330,Ishaan More,IT,4
1331,Sara Kulkarni,AI&DS,1
1332,Sana Kadam,ENTC,1
1333,Manav Kadam,CSE,1
1334,Aditi Joshi,CSE,4
1335,Advait Kale,MECH,1
1336,Anaya Lokhande,MECH,2
1337,Nisha Kale,ENTC,1
1338,Advait Bhosale,MECH,3
1339,Sana Kadam,ENTC,1
1340,Anaya Wagh,AI&DS,3
1341,Riya Sharma,ENTC,4
1342,Reeva Wagh,CIVIL,1
1343,Riya Pawar,MECH,2
1344,Kunal Wagh,AI&DS,3
1345,Reeva Wagh,ENTC,1
1346,Aarav Lokhande,CIVIL,3
1347,Kunal Kadam,CIVIL,2
1348,Zoya Kale,IT,4
1349,Tara Lokhande,CSE,2
1350,Anaya Sawant,IT,3
1351,Advait Patil,ENTC,3
1352,Tara Shinde,CSE,1
1353,Riya Wagh,CIVIL,2
1354,Ishaan Sharma,CSE,1
1355,Reeva Wagh,AI&DS,4
1356,Sara Patil,AI&DS,1
1357,Tara Mahajan,CIVIL,1
1358,Advait Bhosale,AI&DS,1
1359,Nisha Lokhande,CSE,1
1360,Aarav Joshi,CSE,4
1361,Manav Deshmukh,MECH,3
1362,Sana Kadam,MECH,4
1363,Sai Pawar,AI&DS,3
1364,Riya Joshi,CSE,3
1365,Kabir Bhosale,AI&DS,3
1366,Kunal Desai,AI&DS,4
1367,Kabir Deshmukh,CIVIL,4
1368,Advait Patil,CSE,4
1369,Kabir Naik,IT,3
1370,Manav Mahajan,AI&DS,3
1371,Ishaan Sawant,AI&DS,2
1372,Manav Bhosale,AI&DS,1
1373,Anaya Sharma,CIVIL,4
1374,Manav More,CIVIL,1
1375,Aarav Naik,CSE,2
1376,Ishaan Kadam,CIVIL,4
1377,Advait Wagh,CSE,2
1378,Zoya Gore,MECH,2
1379,Riya Pawar,IT,4
1380,Om Naik,AI&DS,2
1381,Om Wagh,CIVIL,2
1382,Sana More,MECH,4
1383,Sai Desai,AI&DS,2
1384,Kabir Deshmukh,AI&DS,1
1385,Aarav Mahajan,ENTC,3
1386,Sai Bhosale,ENTC,1
1387,Krisha More,CIVIL,3
1388,Riya Kadam,ENTC,4
1389,Sai Kale,IT,1
1390,Sai Kulkarni,MECH,2
1391,Reeva Lokhande,IT,3
1392,Krisha Kulkarni,MECH,4
1393,Tara Wagh,IT,4
1394,Yash More,CIVIL,1
1395,Nisha Kulkarni,ENTC,4
1396,Nisha Jadhav,ENTC,1
1397,Tara Bhosale,MECH,2
1398,Aarav Naik,CSE,3
1399,Om Deshmukh,AI&DS,2
1400,Nisha Kale,CIVIL,4
1401,Manav Pawar,CIVIL,3
1402,Kunal More,AI&DS,2
1403,Sara Bhosale,CSE,3
1404,Yash Wagh,CIVIL,1
1405,Sana Gavade,CSE,3
1406,Ishaan Pawar,CSE,3
1407,Tara Bhosale,AI&DS,4
1408,Krisha Naik,AI&DS,1
1409,Ishaan Joshi,AI&DS,2
1410,Sai Joshi,AI&DS,1
1411,Aarav Naik,CSE,1
1412,Kabir Kale,ENTC,2
1413,Advait Wagh,ENTC,4
1414,Manav Wagh,MECH,1
1415,Nisha Pawar,ENTC,3
1416,Sara Lokhande,CSE,1
1417,Sara Wagh,ENTC,1
1418,Aarav Gore,AI&DS,2
1419,Vivaan Sawant,IT,1
1420,Zoya Desai,IT,4
1421,Tara Lokhande,MECH,4
1422,Yash Naik,IT,2
1423,Aditi Kulkarni,CIVIL,3
1424,Tara Kale,MECH,3
1425,Tara Kale,ENTC,3
1426,Kunal Sharma,MECH,3
1427,Tara More,IT,4
1428,Vivaan Patil,IT,3
1429,Anaya Desai,AI&DS,1
1430,Sana Kadam,CSE,4
1431,Ishaan Mahajan,CIVIL,4
1432,Kunal Kulkarni,MECH,4
1433,Ishaan Kulkarni,ENTC,2
1434,Anaya Deshmukh,CIVIL,2
1435,Vivaan Gavade,IT,4
1436,Tara Patil,ENTC,4
1437,Reeva Mahajan,ENTC,3
1438,Aarav Desai,CIVIL,1
1439,Anaya Patil,CIVIL,4
1440,Kunal Mahajan,CIVIL,3
1441,Kunal Sharma,CSE,3
1442,Ishaan Bhosale,CSE,4
1443,Sai Kadam,AI&DS,3
1444,Reeva Desai,ENTC,1
1445,Tara Wagh,ENTC,1
1446,Reeva Naik,IT,1
1447,Manav Joshi,ENTC,4
1448,Advait Mahajan,CSE,3
1449,Sai Shinde,IT,1
1450,Sara Naik,CSE,1
1451,Sai Gore,MECH,2
1452,Vivaan More,CSE,4
1453,Kabir Kale,ENTC,2
1454,Riya Naik,ENTC,4
1455,Krisha Kulkarni,CSE,1
1456,Yash Kadam,CIVIL,3
1457,Manav Gavade,IT,4
1458,Yash Kadam,CIVIL,2
1459,Advait Sawant,CSE,3
1460,Anaya Desai,IT,2
1461,Yash Pawar,IT,1
1462,Aditi Gavade,CSE,1
1463,Kunal Lokhande,ENTC,1
1464,Kunal Jadhav,CIVIL,3
1465,Kunal Patil,CIVIL,1
1466,Advait Wagh,IT,2
1467,Aditi Kulkarni,CSE,4
1468,Manav Lokhande,MECH,4
1469,Vivaan Lokhande,IT,3
1470,Kunal Naik,IT,3
1471,Reeva Desai,IT,1
1472,Nisha Gore,CSE,1
1473,Krisha Gavade,IT,2
1474,Krisha Joshi,CIVIL,1
1475,Kunal Mahajan,ENTC,4
1476,Kunal Gavade,CIVIL,1
1477,Nisha Jadhav,AI&DS,4
1478,Advait More,AI&DS,2
1479,Sai Joshi,CSE,3
1480,Sai Lokhande,CSE,4
1481,Vivaan Lokhande,CSE,3
1482,Kabir Sharma,CIVIL,4
1483,Aarav Sawant,CSE,1
1484,Manav Kale,CIVIL,3
1485,Sana Kadam,MECH,1
1486,Anaya Gavade,CSE,2
1487,Zoya Patil,AI&DS,1
1488,Vivaan Sawant,IT,3
1489,Riya Desai,IT,4
1490,Anaya Patil,CSE,4
1491,Anaya Kulkarni,CIVIL,2
1492,Tara Gore,ENTC,1
1493,Sai Pawar,IT,3
1494,Aditi Sawant,CIVIL,3
1495,Advait Sharma,CSE,3
1496,Anaya Naik,ENTC,4
1497,Advait Naik,AI&DS,3
1498,Nisha Patil,MECH,1
1499,Sana Kulkarni,ENTC,1
1500,Tara Lokhande,ENTC,2
1501,Om Sharma,AI&DS,2
1502,Yash Mahajan,CIVIL,4
1503,Riya Joshi,ENTC,4
1504,Sana Sharma,MECH,1
1505,Krisha More,CSE,3
1506,Yash Gore,AI&DS,2
1507,Sara Deshmukh,CIVIL,2
1508,Aarav Kale,CIVIL,2
1509,Riya Patil,IT,1
1510,Sana More,CSE,1
1511,Anaya Patil,CIVIL,3
1512,Kabir Wagh,CSE,1
1513,Advait Pawar,ENTC,3
1514,Yash Lokhande,CSE,3
1515,Sara Deshmukh,AI&DS,4
1516,Reeva Lokhande,IT,1
1517,Aditi Kadam,MECH,1
1518,Aarav Kadam,CIVIL,2
1519,Advait Wagh,CIVIL,2
1520,Tara Deshmukh,AI&DS,1
1521,Manav Sharma,AI&DS,4
1522,Krisha Joshi,ENTC,3
1523,Krisha Gore,CSE,3
1524,Aarav Desai,IT,2
1525,Ishaan Sawant,CIVIL,3
1526,Anaya Bhosale,CIVIL,3
1527,Ishaan Sawant,CSE,3
1528,Aditi Kadam,MECH,1
1529,Anaya Patil,MECH,3
1530,Yash Deshmukh,ENTC,2
1531,Yash Joshi,CIVIL,1
1532,Sai Mahajan,CIVIL,1
1533,Kunal Naik,MECH,3
1534,Kabir Pawar,CSE,4
1535,Sara More,CIVIL,1
1536,Riya Mahajan,CSE,3
1537,Vivaan Sharma,AI&DS,2
1538,Kabir Patil,ENTC,2
1539,Sai Kale,MECH,1
1540,Nisha More,AI&DS,4
1541,Om Lokhande,AI&DS,3
1542,Om Gavade,CIVIL,4
1543,Sai Jadhav,CSE,2
1544,Sana More,ENTC,1
1545,Om More,IT,3
1546,Advait Shinde,ENTC,1
1547,Ishaan Patil,MECH,1
1548,Om More,IT,3
1549,Krisha Joshi,AI&DS,2
1550,Aditi Sharma,MECH,1
1551,Manav Sawant,ENTC,4
1552,Kunal Naik,AI&DS,2
1553,Sai Mahajan,ENTC,4
1554,Kunal Joshi,CIVIL,1
1555,Krisha Pawar,CSE,4
1556,Tara Joshi,IT,3
1557,Sana Desai,ENTC,2
1558,Om Gore,MECH,1
1559,Reeva Sawant,MECH,4
1560,Tara Joshi,ENTC,1
1561,Sana Sawant,IT,3
1562,Vivaan Desai,IT,2
1563,Sai Gore,AI&DS,3
1564,Manav Joshi,AI&DS,1
1565,Kunal Bhosale,ENTC,2
1566,Sai Kale,AI&DS,2
1567,Ishaan Pawar,CIVIL,3
1568,Ishaan Kale,IT,2
1569,Ishaan Gore,CSE,3
1570,Anaya Shinde,CSE,3
1571,Reeva Gore,MECH,4
1572,Sana Bhosale,CIVIL,4
1573,Advait Gavade,MECH,1
1574,Yash Kale,AI&DS,4
1575,Sara Kadam,IT,1
1576,Sara Joshi,CSE,2
1577,Ishaan Jadhav,CIVIL,2
1578,Advait Mahajan,CSE,4
1579,Aarav Kulkarni,AI&DS,1
1580,Aarav Naik,CSE,4
1581,Kunal Naik,AI&DS,2
1582,Aditi Lokhande,ENTC,3
1583,Tara Lokhande,AI&DS,3
1584,Anaya Jadhav,CSE,3
1585,Krisha Jadhav,CIVIL,3
1586,Zoya Kadam,IT,2
1587,Sana Gore,IT,4
1588,Manav Gavade,AI&DS,4
1589,Anaya Pawar,MECH,4
1590,Sana More,IT,4
1591,Ishaan Kadam,CIVIL,3
1592,Sai Deshmukh,AI&DS,2
1593,Sara Shinde,ENTC,3
1594,Sai Shinde,ENTC,2
1595,Sara Shinde,MECH,4
1596,Sara Gore,MECH,1
1597,Vivaan Kulkarni,CIVIL,1
1598,Reeva Wagh,ENTC,4
1599,Riya Naik,IT,3
1600,Yash Gavade,CSE,2
1601,Sara Wagh,ENTC,3
1602,Manav Kale,AI&DS,1
1603,Ishaan Gore,CIVIL,1
1604,Advait Naik,CSE,1
1605,Zoya Kale,AI&DS,4
1606,Sara Desai,CSE,3
1607,Sana Kale,AI&DS,1
1608,Yash Shinde,AI&DS,1
1609,Tara Kadam,IT,3
1610,Om Bhosale,AI&DS,1
1611,Ishaan Shinde,CSE,1
1612,Kabir Mahajan,MECH,3
1613,Manav Naik,MECH,3
1614,Vivaan Patil,CSE,1
1615,Zoya Joshi,AI&DS,4
1616,Om Pawar,AI&DS,2
1617,Kunal Pawar,AI&DS,1
1618,Sai Desai,AI&DS,2
1619,Zoya Deshmukh,IT,3
1620,Zoya Sharma,IT,2
1621,Sai Sharma,CSE,1
1622,Zoya Joshi,ENTC,2
1623,Aarav Sharma,AI&DS,4
1624,Riya Lokhande,MECH,1
1625,Yash Pawar,ENTC,2
1626,Sara Kadam,CIVIL,2
1627,Zoya Patil,AI&DS,1
1628,Reeva Gavade,CSE,2
1629,Kabir Joshi,MECH,1
1630,Sai Mahajan,MECH,3
1631,Tara Bhosale,MECH,4
1632,Yash Sharma,CSE,3
1633,Ishaan Bhosale,CIVIL,2
1634,Zoya More,ENTC,4
1635,Reeva Pawar,AI&DS,4
1636,Yash Jadhav,IT,3
1637,Aarav Gavade,ENTC,4
1638,Aarav Kale,CIVIL,4
1639,Advait More,MECH,1
1640,Yash Gavade,CSE,2
1641,Advait Joshi,AI&DS,2
1642,Kunal Gavade,CSE,3
1643,Manav Jadhav,CIVIL,3
1644,Nisha Kadam,IT,3
1645,Tara Patil,AI&DS,3
1646,Aarav More,ENTC,2
1647,Kunal Sharma,IT,4
1648,Zoya Shinde,CSE,4
1649,Sai Gore,AI&DS,2
1650,Aditi Bhosale,AI&DS,1
1651,Aditi Patil,CIVIL,1
1652,Ishaan Gavade,CIVIL,4
1653,Kunal Sawant,CIVIL,2
1654,Aarav Wagh,CSE,1
1655,Vivaan Kadam,CIVIL,3
1656,Ishaan Wagh,CSE,3
1657,Advait Sawant,MECH,2
1658,Ishaan Naik,ENTC,3
1659,Riya Kulkarni,AI&DS,1
1660,Tara Joshi,MECH,4
1661,Kabir Pawar,MECH,4
1662,Manav Gore,CSE,1
1663,Kunal Wagh,CSE,1
1664,Aarav Pawar,ENTC,1
1665,Anaya Gore,ENTC,4
1666,Ishaan Desai,CSE,1
1667,Kunal Deshmukh,IT,1
1668,Nisha Kadam,ENTC,4
1669,Ishaan Gore,CSE,2
1670,Nisha Pawar,CIVIL,2
1671,Kunal Deshmukh,MECH,4
1672,Aarav Naik,IT,1
1673,Nisha Bhosale,ENTC,2
1674,Aarav Jadhav,IT,1
1675,Sai Mahajan,CIVIL,1
1676,Advait Shinde,MECH,3
1677,Manav Wagh,AI&DS,4
1678,Krisha Desai,CSE,3
1679,Vivaan Kulkarni,CIVIL,4
1680,Aditi Wagh,ENTC,3
1681,Riya Pawar,MECH,3
1682,Krisha Kale,MECH,3
1683,Tara Sawant,AI&DS,2
1684,Krisha Kale,CIVIL,3
1685,Sara Naik,AI&DS,1
1686,Yash Patil,AI&DS,4
1687,Kabir Jadhav,ENTC,1
1688,Aditi Patil,IT,2
1689,Vivaan Sawant,MECH,1
1690,Vivaan Sharma,IT,3
1691,Kunal Kulkarni,ENTC,3
1692,Sana Kadam,CIVIL,3
1693,Advait Shinde,CIVIL,4
1694,Anaya Joshi,MECH,3
1695,Zoya Sharma,CIVIL,4
1696,Advait Kadam,IT,4
1697,Sana Bhosale,MECH,2
1698,Advait Wagh,CSE,2
1699,Yash Mahajan,IT,1
1700,Reeva Kulkarni,MECH,2
1701,Sana Gore,AI&DS,2
1702,Om Wagh,MECH,1
1703,Kabir Wagh,AI&DS,3
1704,Aditi Kadam,CSE,4
1705,Zoya Bhosale,AI&DS,4
1706,Advait Sawant,AI&DS,1
1707,Sana Joshi,ENTC,4
1708,Reeva Kadam,CIVIL,3
1709,Manav Patil,MECH,4
1710,Riya Mahajan,AI&DS,4
1711,Aarav Sawant,ENTC,4
1712,Krisha More,ENTC,3
1713,Sai Shinde,ENTC,1
1714,Manav Jadhav,ENTC,1
1715,Tara Desai,CSE,4
1716,Zoya Joshi,IT,3
1717,Nisha Lokhande,ENTC,3
1718,Nisha Jadhav,CSE,3
1719,Vivaan Gore,ENTC,2
1720,Krisha Sawant,AI&DS,1
1721,Reeva Pawar,CIVIL,4
1722,Aditi Kulkarni,CIVIL,3
1723,Tara Kulkarni,IT,2
1724,Krisha Lokhande,ENTC,4
1725,Nisha Jadhav,CSE,3
1726,Sana Gore,IT,1
1727,Zoya Bhosale,ENTC,4
1728,Anaya Sawant,CSE,2
1729,Yash Gavade,MECH,1
1730,Ishaan Kulkarni,AI&DS,1
1731,Ishaan Kale,MECH,2
1732,Om Pawar,MECH,4
1733,Reeva Desai,CIVIL,4
1734,Zoya Shinde,IT,2
1735,Sana Shinde,CIVIL,3
1736,Nisha Sawant,MECH,2
1737,Zoya Gore,ENTC,2
1738,Tara Wagh,CSE,3
1739,Aarav Sharma,CSE,2
1740,Anaya Deshmukh,IT,4
1741,Ishaan Pawar,IT,2
1742,Vivaan Sawant,ENTC,4
1743,Anaya Mahajan,CIVIL,4
1744,Aarav Desai,MECH,1
1745,Riya Patil,MECH,4
1746,Sana Kadam,AI&DS,2
1747,Vivaan Desai,CIVIL,4
1748,Aditi Naik,AI&DS,2
1749,Advait Shinde,CIVIL,3
1750,Zoya Lokhande,IT,4
1751,Kunal Joshi,CSE,2
1752,Vivaan Kale,CSE,1
1753,Zoya Gore,CSE,3
1754,Riya Pawar,IT,3
1755,Aditi Kale,CSE,3
1756,Krisha Wagh,ENTC,3
1757,Vivaan Naik,MECH,4
1758,Kunal Kadam,IT,3
1759,Yash Jadhav,CIVIL,2
1760,Om Wagh,AI&DS,2
1761,Reeva Wagh,CIVIL,1
1762,Kabir Patil,MECH,3
1763,Zoya Lokhande,MECH,3
1764,Aarav Sharma,MECH,1
1765,Reeva Deshmukh,AI&DS,2
1766,Sara Joshi,CSE,4
1767,Riya Gavade,ENTC,4
1768,Advait Deshmukh,ENTC,2
1769,Aarav Kadam,MECH,2
1770,Aditi Naik,ENTC,1
1771,Aditi Kadam,IT,4
1772,Advait Desai,ENTC,2
1773,Aditi Sharma,ENTC,2
1774,Reeva Gavade,ENTC,4
1775,Advait Wagh,AI&DS,2
1776,Reeva Patil,CSE,3
1777,Om Gavade,IT,4
1778,Tara Mahajan,CSE,1
1779,Ishaan Naik,ENTC,2
1780,Kabir Shinde,CIVIL,2
1781,Aditi Deshmukh,CSE,2
1782,Sana Patil,IT,4
1783,Krisha Mahajan,AI&DS,2
1784,Sai Gavade,MECH,1
1785,Aditi Mahajan,MECH,4
1786,Aditi More,ENTC,1
1787,Aditi Joshi,ENTC,4
1788,Advait More,CIVIL,2
1789,Ishaan Desai,AI&DS,1
1790,Yash Shinde,MECH,2
1791,Sara Jadhav,AI&DS,2
1792,Sana Kadam,AI&DS,4
1793,Nisha Kale,AI&DS,2
1794,Advait Naik,AI&DS,1
1795,Reeva Bhosale,CIVIL,4
1796,Aarav Gavade,AI&DS,4
1797,Sai Joshi,IT,2
1798,Krisha Gore,MECH,1
1799,Zoya More,MECH,4
1800,Riya Kulkarni,ENTC,2
1801,Kabir Gore,IT,1
1802,Nisha Lokhande,CSE,4
1803,Reeva Wagh,AI&DS,2
1804,Sana Wagh,ENTC,2
1805,Riya Gavade,CSE,4
1806,Kunal Jadhav,MECH,4
1807,Ishaan Kulkarni,ENTC,3
1808,Anaya Wagh,IT,3
1809,Aditi Mahajan,CSE,1
1810,Aditi Desai,MECH,2
1811,Sana Jadhav,CIVIL,2
1812,Anaya Gavade,CIVIL,2
1813,Aditi Desai,ENTC,4
1814,Vivaan Patil,MECH,1
1815,Zoya Deshmukh,CIVIL,4
1816,Om Pawar,MECH,3
1817,Nisha Mahajan,IT,1
1818,Sara Sawant,AI&DS,4
1819,Advait Desai,AI&DS,3
1820,Sana Mahajan,IT,3
1821,Kunal Sawant,CIVIL,4
1822,Krisha Kale,MECH,3
1823,Kunal Joshi,IT,3
1824,Riya Bhosale,MECH,3
1825,Tara Jadhav,AI&DS,2
1826,Manav More,AI&DS,3
1827,Yash Shinde,MECH,3
1828,Reeva Mahajan,CSE,3
1829,Sara More,MECH,4
1830,Zoya Gore,ENTC,2
1831,Krisha Deshmukh,CSE,2
1832,Anaya Pawar,IT,3
1833,Tara Patil,ENTC,2
1834,Yash Jadhav,IT,3
1835,Aditi Lokhande,CIVIL,4
1836,Om Gavade,ENTC,2
1837,Riya Lokhande,CSE,2
1838,Sana Sharma,ENTC,4
1839,Yash Wagh,CSE,3
1840,Riya Jadhav,ENTC,2
1841,Aarav Desai,AI&DS,1
1842,Sara Shinde,MECH,1
1843,Ishaan Deshmukh,IT,2
1844,Aarav Gore,CSE,3
1845,Nisha Kulkarni,AI&DS,1
1846,Zoya Kadam,IT,3
1847,Aarav Mahajan,MECH,1
1848,Sara More,IT,2
1849,Advait Kale,ENTC,4
1850,Nisha Mahajan,AI&DS,1
1851,Sana Lokhande,CSE,3
1852,Sara Deshmukh,ENTC,3
1853,Vivaan Kale,ENTC,2
1854,Reeva Lokhande,CIVIL,2
1855,Tara Deshmukh,ENTC,1
1856,Nisha Kale,MECH,4
1857,Riya Naik,CIVIL,3
1858,Sara Sawant,MECH,3
1859,Manav Jadhav,AI&DS,2
1860,Sara Patil,CIVIL,2
1861,Anaya Gavade,CSE,1
1862,Anaya Desai,CSE,3
1863,Sara Bhosale,IT,3
1864,Sara Gore,CSE,2
1865,Anaya More,CIVIL,1
1866,Kunal Gavade,MECH,4
1867,Kunal Desai,IT,3
1868,Riya Jadhav,ENTC,4
1869,Anaya Mahajan,MECH,4
1870,Reeva Jadhav,AI&DS,1
1871,Sana Sharma,MECH,3
1872,Sana Bhosale,AI&DS,1
1873,Nisha Pawar,AI&DS,2
1874,Riya Jadhav,MECH,3
1875,Zoya Sharma,AI&DS,1
1876,Kabir Desai,MECH,2
1877,Manav Deshmukh,MECH,2
1878,Tara Joshi,CSE,1
1879,Vivaan Shinde,CSE,4
1880,Kunal Gavade,MECH,4
1881,Kabir Sharma,ENTC,4
1882,Advait Jadhav,AI&DS,1
1883,Aditi Wagh,IT,1
1884,Riya Kadam,MECH,2
1885,Manav Kadam,MECH,3
1886,Vivaan Wagh,IT,2
1887,Sana Sawant,MECH,3
1888,Om Sharma,ENTC,2
1889,Om Bhosale,CIVIL,4
1890,Aarav Pawar,CIVIL,3
1891,Reeva Gavade,CSE,2
1892,Kunal Bhosale,AI&DS,2
1893,Ishaan Pawar,MECH,1
1894,Nisha Naik,MECH,3
1895,Zoya Kadam,MECH,4
1896,Sana Kale,CIVIL,1
1897,Nisha Kadam,ENTC,3
1898,Aditi Joshi,CIVIL,2
1899,Kabir Patil,CSE,1
1900,Tara Pawar,ENTC,3
1901,Vivaan Lokhande,AI&DS,1
1902,Om Gore,ENTC,2
1903,Manav Kulkarni,CSE,2
1904,Om Sawant,ENTC,1
1905,Zoya Kale,ENTC,2
1906,Zoya Wagh,ENTC,3
1907,Yash Mahajan,CIVIL,4
1908,Ishaan Naik,IT,2
1909,Yash Kulkarni,IT,3
1910,Yash Joshi,CSE,3
1911,Aarav Shinde,ENTC,4
1912,Anaya Gavade,MECH,1
1913,Riya Naik,ENTC,1
1914,Anaya Pawar,CIVIL,1
1915,Kunal Wagh,CIVIL,2
1916,Anaya Gore,CIVIL,3
1917,Reeva Kale,MECH,2
1918,Aarav Lokhande,ENTC,1
1919,Nisha Kadam,IT,1
1920,Sai Joshi,CIVIL,1
1921,Aarav Sawant,AI&DS,1
1922,Nisha Wagh,CIVIL,4
1923,Advait Gore,AI&DS,3
1924,Aarav Bhosale,CSE,4
1925,Om Kadam,AI&DS,3
1926,Kunal Desai,CSE,4
1927,Nisha Pawar,CIVIL,4
1928,Manav More,IT,4
1929,Kunal Shinde,IT,1
1930,Yash Sharma,CSE,4
1931,Yash Sharma,ENTC,3
1932,Tara Gavade,IT,4
1933,Tara Kale,MECH,3
1934,Yash Shinde,IT,4
1935,Advait Lokhande,ENTC,3
1936,Vivaan Kadam,AI&DS,1
1937,Aditi Kale,MECH,4
1938,Yash Patil,MECH,3
1939,Kunal Kulkarni,CIVIL,4
1940,Nisha Deshmukh,MECH,1
1941,Om Lokhande,ENTC,3
1942,Zoya Sawant,CIVIL,2
1943,Zoya Kulkarni,CIVIL,3
1944,Yash Pawar,IT,4
1945,Sai Kadam,AI&DS,1
1946,Manav Deshmukh,ENTC,2
1947,Aditi Naik,CSE,2
1948,Sai Kale,CIVIL,3
1949,Sara Lokhande,ENTC,2
1950,Sai Bhosale,CSE,3
1951,Sara Bhosale,CSE,1
1952,Anaya Gavade,ENTC,3
1953,Advait Deshmukh,CIVIL,2
1954,Kunal Deshmukh,AI&DS,1
1955,Anaya Shinde,ENTC,1
1956,Kunal Sharma,AI&DS,3
1957,Manav Mahajan,ENTC,1
1958,Riya Joshi,CSE,4
1959,Krisha Desai,AI&DS,2
1960,Nisha Kulkarni,MECH,1
1961,Kunal Joshi,CIVIL,1
1962,Reeva Mahajan,AI&DS,1
1963,Zoya Gavade,CIVIL,1
1964,Manav Naik,CSE,4
1965,Nisha Bhosale,MECH,2
1966,Kunal More,CIVIL,3
1967,Sai Kulkarni,CSE,1
1968,Krisha Sawant,MECH,2
1969,Aarav Kale,ENTC,4
1970,Kabir Deshmukh,MECH,4
1971,Tara Sawant,CSE,2
1972,Vivaan Kulkarni,ENTC,2
1973,Anaya Wagh,IT,2
1974,Sai Bhosale,AI&DS,4
1975,Sai Joshi,MECH,1
1976,Nisha Mahajan,MECH,2
1977,Kabir More,IT,2
1978,Nisha Naik,MECH,2
1979,Tara Joshi,ENTC,1
1980,Aditi Pawar,MECH,4
1981,Aditi Naik,MECH,4
1982,Ishaan Wagh,MECH,3
1983,Nisha Mahajan,AI&DS,4
1984,Krisha More,CIVIL,1
1985,Vivaan Bhosale,CSE,2
1986,Vivaan Pawar,CIVIL,3
1987,Tara Mahajan,ENTC,2
1988,Aarav Bhosale,ENTC,2
1989,Vivaan Pawar,CIVIL,1
1990,Kunal More,AI&DS,2
1991,Ishaan Patil,CSE,2
1992,Anaya Kale,ENTC,4
1993,Anaya Shinde,ENTC,1
1994,Anaya Patil,CIVIL,3
1995,Zoya Deshmukh,ENTC,3
1996,Zoya More,MECH,2
1997,Aarav Kulkarni,IT,2
1998,Nisha Kulkarni,ENTC,2
1999,Om Deshmukh,CIVIL,2
2000,Sara Patil,CIVIL,4
